Workbook

Sheet Instructions
A1: 📋 WFM STAFFING FORECAST MODEL — USER GUIDE
A3: OVERVIEW | B3: This model calculates required staffing for a call center based on volume, AHT, and shrinkage.
A4: SHEET: Assumptions | B4: Enter your key inputs here — call volume, AHT, target occupancy, and shrinkage %.
A5: SHEET: Weekly Forecast | B5: Auto-calculated weekly staffing requirements. Blue cells = inputs you can edit.
A6: SHEET: Monthly Summary | B6: Auto-aggregated monthly view with charts for management reporting.
A7: COLOR GUIDE | B7: 🔵 Blue text = Input cells | ⚫ Black text = Formulas | 🟡 Yellow = Key assumptions
A8: HOW TO USE | B8: 1) Go to Assumptions tab → fill in your data 2) Weekly Forecast auto-updates 3) Share Monthly Summary with management

Sheet Assumptions
A1: ⚙️ KEY ASSUMPTIONS — STAFFING FORECAST MODEL
A3: Parameter | B3: Value | C3: Notes
A4: Target Service Level (%) | B4: 0.8 | C4: % of calls answered within threshold
A5: Service Level Threshold (sec) | B5: 20 | C5: Calls answered within X seconds
A6: Average Handle Time - AHT (min) | B6: 6.5 | C6: Average call duration including wrap-up
A7: Shrinkage (%) | B7: 0.3 | C7: Breaks, training, absenteeism, etc.
A8: Occupancy Target (%) | B8: 0.85 | C8: Max agent utilization rate
A9: Operating Hours per Shift | B9: 8 | C9: Hours per shift
A10: Days per Week (Operating) | B10: 7 | C10: Days the center operates
A11: Peak Hour Factor | B11: 1.25 | C11: Multiplier for peak hour volume
A13: ✏️ Edit the blue cells above. All forecast sheets update automatically.

Sheet Weekly Forecast
A1: 📅 WEEKLY STAFFING FORECAST
A3: Week | B3: Day | C3: Forecasted Calls | D3: AHT (min) | E3: Total Work Min | F3: Required Agents (Raw) | G3: Shrinkage Adj. | H3: Required Agents (Final) | I3: Coverage Status
A4: Week 1 | B4: Monday | C4: 320 | D4: =Assumptions!B5 -> 20 | E4: =C4*D4 -> 6400 | F4: =CEILING(E4/(Assumptions!B6*60*Assumptions!B8),1) -> 20 | G4: =CEILING(F4/(1-Assumptions!B6),1) -> -3 | H4: =G4 -> -3 | I4: =IF(H4<=20,"✅ Normal",IF(H4<=30,"⚠️ High","🔴 Critical")) -> ✅ Normal
A5: Week 1 | B5: Tuesday | C5: 350 | D5: =Assumptions!B5 -> 20 | E5: =C5*D5 -> 7000 | F5: =CEILING(E5/(Assumptions!B6*60*Assumptions!B8),1) -> 22 | G5: =CEILING(F5/(1-Assumptions!B6),1) -> -4 | H5: =G5 -> -4 | I5: =IF(H5<=20,"✅ Normal",IF(H5<=30,"⚠️ High","🔴 Critical")) -> ✅ Normal
A6: Week 1 | B6: Wednesday | C6: 380 | D6: =Assumptions!B5 -> 20 | E6: =C6*D6 -> 7600 | F6: =CEILING(E6/(Assumptions!B6*60*Assumptions!B8),1) -> 23 | G6: =CEILING(F6/(1-Assumptions!B6),1) -> -4 | H6: =G6 -> -4 | I6: =IF(H6<=20,"✅ Normal",IF(H6<=30,"⚠️ High","🔴 Critical")) -> ✅ Normal
A7: Week 1 | B7: Thursday | C7: 360 | D7: =Assumptions!B5 -> 20 | E7: =C7*D7 -> 7200 | F7: =CEILING(E7/(Assumptions!B6*60*Assumptions!B8),1) -> 22 | G7: =CEILING(F7/(1-Assumptions!B6),1) -> -4 | H7: =G7 -> -4 | I7: =IF(H7<=20,"✅ Normal",IF(H7<=30,"⚠️ High","🔴 Critical")) -> ✅ Normal
A8: Week 1 | B8: Friday | C8: 300 | D8: =Assumptions!B5 -> 20 | E8: =C8*D8 -> 6000 | F8: =CEILING(E8/(Assumptions!B6*60*Assumptions!B8),1) -> 19 | G8: =CEILING(F8/(1-Assumptions!B6),1) -> -3 | H8: =G8 -> -3 | I8: =IF(H8<=20,"✅ Normal",IF(H8<=30,"⚠️ High","🔴 Critical")) -> ✅ Normal
A9: Week 1 | B9: Saturday | C9: 180 | D9: =Assumptions!B5 -> 20 | E9: =C9*D9 -> 3600 | F9: =CEILING(E9/(Assumptions!B6*60*Assumptions!B8),1) -> 11 | G9: =CEILING(F9/(1-Assumptions!B6),1) -> -2 | H9: =G9 -> -2 | I9: =IF(H9<=20,"✅ Normal",IF(H9<=30,"⚠️ High","🔴 Critical")) -> ✅ Normal
A10: Week 1 | B10: Sunday | C10: 150 | D10: =Assumptions!B5 -> 20 | E10: =C10*D10 -> 3000 | F10: =CEILING(E10/(Assumptions!B6*60*Assumptions!B8),1) -> 10 | G10: =CEILING(F10/(1-Assumptions!B6),1) -> -1 | H10: =G10 -> -1 | I10: =IF(H10<=20,"✅ Normal",IF(H10<=30,"⚠️ High","🔴 Critical")) -> ✅ Normal
A11: Week 1 Total | C11: =SUM(C4:C10) -> 2040 | D11: =SUM(D4:D10) -> 140 | E11: =SUM(E4:E10) -> 40800 | F11: =SUM(F4:F10) -> 127 | G11: =SUM(G4:G10) -> -21 | H11: =SUM(H4:H10) -> -21
A12: Week 2 | B12: Monday | C12: 340 | D12: =Assumptions!B5 -> 20 | E12: =C12*D12 -> 6800 | F12: =CEILING(E12/(Assumptions!B6*60*Assumptions!B8),1) -> 21 | G12: =CEILING(F12/(1-Assumptions!B6),1) -> -3 | H12: =G12 -> -3 | I12: =IF(H12<=20,"✅ Normal",IF(H12<=30,"⚠️ High","🔴 Critical")) -> ✅ Normal
A13: Week 2 | B13: Tuesday | C13: 370 | D13: =Assumptions!B5 -> 20 | E13: =C13*D13 -> 7400 | F13: =CEILING(E13/(Assumptions!B6*60*Assumptions!B8),1) -> 23 | G13: =CEILING(F13/(1-Assumptions!B6),1) -> -4 | H13: =G13 -> -4 | I13: =IF(H13<=20,"✅ Normal",IF(H13<=30,"⚠️ High","🔴 Critical")) -> ✅ Normal
A14: Week 2 | B14: Wednesday | C14: 400 | D14: =Assumptions!B5 -> 20 | E14: =C14*D14 -> 8000 | F14: =CEILING(E14/(Assumptions!B6*60*Assumptions!B8),1) -> 25 | G14: =CEILING(F14/(1-Assumptions!B6),1) -> -4 | H14: =G14 -> -4 | I14: =IF(H14<=20,"✅ Normal",IF(H14<=30,"⚠️ High","🔴 Critical")) -> ✅ Normal
A15: Week 2 | B15: Thursday | C15: 380 | D15: =Assumptions!B5 -> 20 | E15: =C15*D15 -> 7600 | F15: =CEILING(E15/(Assumptions!B6*60*Assumptions!B8),1) -> 23 | G15: =CEILING(F15/(1-Assumptions!B6),1) -> -4 | H15: =G15 -> -4 | I15: =IF(H15<=20,"✅ Normal",IF(H15<=30,"⚠️ High","🔴 Critical")) -> ✅ Normal
A16: Week 2 | B16: Friday | C16: 320 | D16: =Assumptions!B5 -> 20 | E16: =C16*D16 -> 6400 | F16: =CEILING(E16/(Assumptions!B6*60*Assumptions!B8),1) -> 20 | G16: =CEILING(F16/(1-Assumptions!B6),1) -> -3 | H16: =G16 -> -3 | I16: =IF(H16<=20,"✅ Normal",IF(H16<=30,"⚠️ High","🔴 Critical")) -> ✅ Normal
A17: Week 2 | B17: Saturday | C17: 200 | D17: =Assumptions!B5 -> 20 | E17: =C17*D17 -> 4000 | F17: =CEILING(E17/(Assumptions!B6*60*Assumptions!B8),1) -> 13 | G17: =CEILING(F17/(1-Assumptions!B6),1) -> -2 | H17: =G17 -> -2 | I17: =IF(H17<=20,"✅ Normal",IF(H17<=30,"⚠️ High","🔴 Critical")) -> ✅ Normal
A18: Week 2 | B18: Sunday | C18: 170 | D18: =Assumptions!B5 -> 20 | E18: =C18*D18 -> 3400 | F18: =CEILING(E18/(Assumptions!B6*60*Assumptions!B8),1) -> 11 | G18: =CEILING(F18/(1-Assumptions!B6),1) -> -2 | H18: =G18 -> -2 | I18: =IF(H18<=20,"✅ Normal",IF(H18<=30,"⚠️ High","🔴 Critical")) -> ✅ Normal
A19: Week 2 Total | C19: =SUM(C12:C18) -> 2180 | D19: =SUM(D12:D18) -> 140 | E19: =SUM(E12:E18) -> 43600 | F19: =SUM(F12:F18) -> 136 | G19: =SUM(G12:G18) -> -22 | H19: =SUM(H12:H18) -> -22

Sheet Monthly Summary
A1: 📊 MONTHLY STAFFING SUMMARY REPORT
A3: Month | B3: Forecasted Volume | C3: Req. Agents | D3: Avg AHT (min) | E3: SLA Target (%) | F3: Est. Shrinkage (%) | G3: Workload Hours | H3: Status
A4: Jan | B4: 28000 | C4: 22 | D4: 6.5 | E4: 0.8 | F4: 0.3 | G4: =B4*D4/60 -> 3033.3333 | H4: =IF(C4>=28,"✅ Staffed",IF(C4>=23,"⚠️ Monitor","🔴 Understaffed")) -> 🔴 Understaffed
A5: Feb | B5: 26500 | C5: 21 | D5: 6.5 | E5: 0.8 | F5: 0.3 | G5: =B5*D5/60 -> 2870.8333 | H5: =IF(C5>=28,"✅ Staffed",IF(C5>=23,"⚠️ Monitor","🔴 Understaffed")) -> 🔴 Understaffed
A6: Mar | B6: 31000 | C6: 24 | D6: 6.5 | E6: 0.8 | F6: 0.3 | G6: =B6*D6/60 -> 3358.3333 | H6: =IF(C6>=28,"✅ Staffed",IF(C6>=23,"⚠️ Monitor","🔴 Understaffed")) -> ⚠️ Monitor
A7: Apr | B7: 29500 | C7: 23 | D7: 6.5 | E7: 0.8 | F7: 0.3 | G7: =B7*D7/60 -> 3195.8333 | H7: =IF(C7>=28,"✅ Staffed",IF(C7>=23,"⚠️ Monitor","🔴 Understaffed")) -> ⚠️ Monitor
A8: May | B8: 33000 | C8: 26 | D8: 6.5 | E8: 0.8 | F8: 0.3 | G8: =B8*D8/60 -> 3575 | H8: =IF(C8>=28,"✅ Staffed",IF(C8>=23,"⚠️ Monitor","🔴 Understaffed")) -> ⚠️ Monitor
A9: Jun | B9: 34500 | C9: 27 | D9: 6.5 | E9: 0.8 | F9: 0.3 | G9: =B9*D9/60 -> 3737.5 | H9: =IF(C9>=28,"✅ Staffed",IF(C9>=23,"⚠️ Monitor","🔴 Understaffed")) -> ⚠️ Monitor
A10: Jul | B10: 36000 | C10: 28 | D10: 6.5 | E10: 0.8 | F10: 0.3 | G10: =B10*D10/60 -> 3900 | H10: =IF(C10>=28,"✅ Staffed",IF(C10>=23,"⚠️ Monitor","🔴 Understaffed")) -> ✅ Staffed
A11: Aug | B11: 35000 | C11: 27 | D11: 6.5 | E11: 0.8 | F11: 0.3 | G11: =B11*D11/60 -> 3791.6667 | H11: =IF(C11>=28,"✅ Staffed",IF(C11>=23,"⚠️ Monitor","🔴 Understaffed")) -> ⚠️ Monitor
A12: Sep | B12: 30000 | C12: 24 | D12: 6.5 | E12: 0.8 | F12: 0.3 | G12: =B12*D12/60 -> 3250 | H12: =IF(C12>=28,"✅ Staffed",IF(C12>=23,"⚠️ Monitor","🔴 Understaffed")) -> ⚠️ Monitor
A13: Oct | B13: 28500 | C13: 22 | D13: 6.5 | E13: 0.8 | F13: 0.3 | G13: =B13*D13/60 -> 3087.5 | H13: =IF(C13>=28,"✅ Staffed",IF(C13>=23,"⚠️ Monitor","🔴 Understaffed")) -> 🔴 Understaffed
A14: Nov | B14: 32000 | C14: 25 | D14: 6.5 | E14: 0.8 | F14: 0.3 | G14: =B14*D14/60 -> 3466.6667 | H14: =IF(C14>=28,"✅ Staffed",IF(C14>=23,"⚠️ Monitor","🔴 Understaffed")) -> ⚠️ Monitor
A15: Dec | B15: 38000 | C15: 30 | D15: 6.5 | E15: 0.8 | F15: 0.3 | G15: =B15*D15/60 -> 4116.6667 | H15: =IF(C15>=28,"✅ Staffed",IF(C15>=23,"⚠️ Monitor","🔴 Understaffed")) -> ✅ Staffed
A16: ANNUAL TOTAL | B16: =SUM(B4:B15) -> 382000 | C16: =AVERAGE(C4:C15) -> 24.916667 | G16: =SUM(G4:G15) -> 41383.333
