Workbook

Sheet Raw Data
A1: 📥 RAW CALL CENTER DATA — Monthly KPI Input
A3: Month | B3: Total Calls | C3: Answered Calls | D3: Abandoned Calls | E3: Calls within SLA | F3: Total Handle Time (min) | G3: Agents On Duty | H3: Avg Speed of Answer (sec)
A4: Jan | B4: 5200 | C4: 4980 | D4: 220 | E4: 4100 | F4: 32370 | G4: 22 | H4: 18
A5: Feb | B5: 4900 | C5: 4710 | D5: 190 | E5: 3900 | F5: 30660 | G5: 21 | H5: 16
A6: Mar | B6: 5800 | C6: 5560 | D6: 240 | E6: 4700 | F6: 36140 | G6: 24 | H6: 19
A7: Apr | B7: 5500 | C7: 5280 | D7: 220 | E7: 4500 | F7: 34320 | G7: 23 | H7: 17
A8: May | B8: 6100 | C8: 5860 | D8: 240 | E8: 5000 | F8: 38070 | G8: 26 | H8: 20
A9: Jun | B9: 6400 | C9: 6150 | D9: 250 | E9: 5300 | F9: 40050 | G9: 27 | H9: 21
A10: Jul | B10: 6700 | C10: 6430 | D10: 270 | E10: 5500 | F10: 41900 | G10: 28 | H10: 22
A11: Aug | B11: 6500 | C11: 6240 | D11: 260 | E11: 5400 | F11: 40560 | G11: 27 | H11: 21
A12: Sep | B12: 5700 | C12: 5480 | D12: 220 | E12: 4700 | F12: 35490 | G12: 24 | H12: 19
A13: Oct | B13: 5300 | C13: 5090 | D13: 210 | E13: 4300 | F13: 33060 | G13: 22 | H13: 17
A14: Nov | B14: 6000 | C14: 5760 | D14: 240 | E14: 4900 | F14: 37440 | G14: 25 | H14: 20
A15: Dec | B15: 7100 | C15: 6820 | D15: 280 | E15: 5800 | F15: 44310 | G15: 30 | H15: 24

Sheet KPI Dashboard
A1: 📊 CALL CENTER SLA & KPI PERFORMANCE DASHBOARD
A2: Auto-calculated from Raw Data tab | Update raw data to refresh all metrics
A4: Avg SLA % | D4: Avg AHT (min) | G4: Avg Abandonment % | J4: Avg Occupancy %
A5: =AVERAGE('KPI Calcs'!C2:C13) -> 0.81515156 | D5: =AVERAGE('KPI Calcs'!D2:D13) -> 6.5002583 | G5: =AVERAGE('KPI Calcs'!E2:E13) -> 0.039901961 | J5: =AVERAGE('KPI Calcs'!F2:F13) -> 3.0957748
A8: Monthly KPI Breakdown
A9: Month | B9: Total Calls | C9: Answered | D9: Abandoned | E9: SLA % | F9: AHT (min) | G9: Abandonment % | H9: Occupancy % | I9: Avg Speed Answer | J9: SLA Status | K9: Trend | L9: Action Needed
A10: ='KPI Calcs'!A2 -> Jan | B10: ='KPI Calcs'!B2 -> 5200 | C10: ='KPI Calcs'!C2 -> 0.78846154 | D10: ='KPI Calcs'!D2 -> 6.5 | E10: ='KPI Calcs'!E2 -> 0.042307692 | F10: ='KPI Calcs'!F2 -> 3.0653409 | G10: ='KPI Calcs'!G2 -> 18 | H10: ='KPI Calcs'!H2 -> 4980 | I10: ='KPI Calcs'!I2 -> 220 | J10: =IF(E10>=0.8,"✅ Met",IF(E10>=0.75,"⚠️ Near Miss","🔴 Missed")) -> 🔴 Missed | K10: — | L10: =IF(G10>0.05,"Review staffing levels",IF(F10>8,"Check AHT coaching","On Track")) -> Review staffing levels
A11: ='KPI Calcs'!A3 -> Feb | B11: ='KPI Calcs'!B3 -> 4900 | C11: ='KPI Calcs'!C3 -> 0.79591837 | D11: ='KPI Calcs'!D3 -> 6.5095541 | E11: ='KPI Calcs'!E3 -> 0.03877551 | F11: ='KPI Calcs'!F3 -> 3.0416667 | G11: ='KPI Calcs'!G3 -> 16 | H11: ='KPI Calcs'!H3 -> 4710 | I11: ='KPI Calcs'!I3 -> 190 | J11: =IF(E11>=0.8,"✅ Met",IF(E11>=0.75,"⚠️ Near Miss","🔴 Missed")) -> 🔴 Missed | K11: =IF(E11>E10,"📈 Up",IF(E11<E10,"📉 Down","➡️ Flat")) -> 📉 Down | L11: =IF(G11>0.05,"Review staffing levels",IF(F11>8,"Check AHT coaching","On Track")) -> Review staffing levels
A12: ='KPI Calcs'!A4 -> Mar | B12: ='KPI Calcs'!B4 -> 5800 | C12: ='KPI Calcs'!C4 -> 0.81034483 | D12: ='KPI Calcs'!D4 -> 6.5 | E12: ='KPI Calcs'!E4 -> 0.04137931 | F12: ='KPI Calcs'!F4 -> 3.1371528 | G12: ='KPI Calcs'!G4 -> 19 | H12: ='KPI Calcs'!H4 -> 5560 | I12: ='KPI Calcs'!I4 -> 240 | J12: =IF(E12>=0.8,"✅ Met",IF(E12>=0.75,"⚠️ Near Miss","🔴 Missed")) -> 🔴 Missed | K12: =IF(E12>E11,"📈 Up",IF(E12<E11,"📉 Down","➡️ Flat")) -> 📈 Up | L12: =IF(G12>0.05,"Review staffing levels",IF(F12>8,"Check AHT coaching","On Track")) -> Review staffing levels
A13: ='KPI Calcs'!A5 -> Apr | B13: ='KPI Calcs'!B5 -> 5500 | C13: ='KPI Calcs'!C5 -> 0.81818182 | D13: ='KPI Calcs'!D5 -> 6.5 | E13: ='KPI Calcs'!E5 -> 0.04 | F13: ='KPI Calcs'!F5 -> 3.1086957 | G13: ='KPI Calcs'!G5 -> 17 | H13: ='KPI Calcs'!H5 -> 5280 | I13: ='KPI Calcs'!I5 -> 220 | J13: =IF(E13>=0.8,"✅ Met",IF(E13>=0.75,"⚠️ Near Miss","🔴 Missed")) -> 🔴 Missed | K13: =IF(E13>E12,"📈 Up",IF(E13<E12,"📉 Down","➡️ Flat")) -> 📉 Down | L13: =IF(G13>0.05,"Review staffing levels",IF(F13>8,"Check AHT coaching","On Track")) -> Review staffing levels
A14: ='KPI Calcs'!A6 -> May | B14: ='KPI Calcs'!B6 -> 6100 | C14: ='KPI Calcs'!C6 -> 0.81967213 | D14: ='KPI Calcs'!D6 -> 6.496587 | E14: ='KPI Calcs'!E6 -> 0.039344262 | F14: ='KPI Calcs'!F6 -> 3.0504808 | G14: ='KPI Calcs'!G6 -> 20 | H14: ='KPI Calcs'!H6 -> 5860 | I14: ='KPI Calcs'!I6 -> 240 | J14: =IF(E14>=0.8,"✅ Met",IF(E14>=0.75,"⚠️ Near Miss","🔴 Missed")) -> 🔴 Missed | K14: =IF(E14>E13,"📈 Up",IF(E14<E13,"📉 Down","➡️ Flat")) -> 📉 Down | L14: =IF(G14>0.05,"Review staffing levels",IF(F14>8,"Check AHT coaching","On Track")) -> Review staffing levels
A15: ='KPI Calcs'!A7 -> Jun | B15: ='KPI Calcs'!B7 -> 6400 | C15: ='KPI Calcs'!C7 -> 0.828125 | D15: ='KPI Calcs'!D7 -> 6.5121951 | E15: ='KPI Calcs'!E7 -> 0.0390625 | F15: ='KPI Calcs'!F7 -> 3.0902778 | G15: ='KPI Calcs'!G7 -> 21 | H15: ='KPI Calcs'!H7 -> 6150 | I15: ='KPI Calcs'!I7 -> 250 | J15: =IF(E15>=0.8,"✅ Met",IF(E15>=0.75,"⚠️ Near Miss","🔴 Missed")) -> 🔴 Missed | K15: =IF(E15>E14,"📈 Up",IF(E15<E14,"📉 Down","➡️ Flat")) -> 📉 Down | L15: =IF(G15>0.05,"Review staffing levels",IF(F15>8,"Check AHT coaching","On Track")) -> Review staffing levels
A16: ='KPI Calcs'!A8 -> Jul | B16: ='KPI Calcs'!B8 -> 6700 | C16: ='KPI Calcs'!C8 -> 0.82089552 | D16: ='KPI Calcs'!D8 -> 6.5163297 | E16: ='KPI Calcs'!E8 -> 0.040298507 | F16: ='KPI Calcs'!F8 -> 3.1175595 | G16: ='KPI Calcs'!G8 -> 22 | H16: ='KPI Calcs'!H8 -> 6430 | I16: ='KPI Calcs'!I8 -> 270 | J16: =IF(E16>=0.8,"✅ Met",IF(E16>=0.75,"⚠️ Near Miss","🔴 Missed")) -> 🔴 Missed | K16: =IF(E16>E15,"📈 Up",IF(E16<E15,"📉 Down","➡️ Flat")) -> 📈 Up | L16: =IF(G16>0.05,"Review staffing levels",IF(F16>8,"Check AHT coaching","On Track")) -> Review staffing levels
A17: ='KPI Calcs'!A9 -> Aug | B17: ='KPI Calcs'!B9 -> 6500 | C17: ='KPI Calcs'!C9 -> 0.83076923 | D17: ='KPI Calcs'!D9 -> 6.5 | E17: ='KPI Calcs'!E9 -> 0.04 | F17: ='KPI Calcs'!F9 -> 3.1296296 | G17: ='KPI Calcs'!G9 -> 21 | H17: ='KPI Calcs'!H9 -> 6240 | I17: ='KPI Calcs'!I9 -> 260 | J17: =IF(E17>=0.8,"✅ Met",IF(E17>=0.75,"⚠️ Near Miss","🔴 Missed")) -> 🔴 Missed | K17: =IF(E17>E16,"📈 Up",IF(E17<E16,"📉 Down","➡️ Flat")) -> 📉 Down | L17: =IF(G17>0.05,"Review staffing levels",IF(F17>8,"Check AHT coaching","On Track")) -> Review staffing levels
A18: ='KPI Calcs'!A10 -> Sep | B18: ='KPI Calcs'!B10 -> 5700 | C18: ='KPI Calcs'!C10 -> 0.8245614 | D18: ='KPI Calcs'!D10 -> 6.4762774 | E18: ='KPI Calcs'!E10 -> 0.038596491 | F18: ='KPI Calcs'!F10 -> 3.0807292 | G18: ='KPI Calcs'!G10 -> 19 | H18: ='KPI Calcs'!H10 -> 5480 | I18: ='KPI Calcs'!I10 -> 220 | J18: =IF(E18>=0.8,"✅ Met",IF(E18>=0.75,"⚠️ Near Miss","🔴 Missed")) -> 🔴 Missed | K18: =IF(E18>E17,"📈 Up",IF(E18<E17,"📉 Down","➡️ Flat")) -> 📉 Down | L18: =IF(G18>0.05,"Review staffing levels",IF(F18>8,"Check AHT coaching","On Track")) -> Review staffing levels
A19: ='KPI Calcs'!A11 -> Oct | B19: ='KPI Calcs'!B11 -> 5300 | C19: ='KPI Calcs'!C11 -> 0.81132075 | D19: ='KPI Calcs'!D11 -> 6.4950884 | E19: ='KPI Calcs'!E11 -> 0.039622642 | F19: ='KPI Calcs'!F11 -> 3.1306818 | G19: ='KPI Calcs'!G11 -> 17 | H19: ='KPI Calcs'!H11 -> 5090 | I19: ='KPI Calcs'!I11 -> 210 | J19: =IF(E19>=0.8,"✅ Met",IF(E19>=0.75,"⚠️ Near Miss","🔴 Missed")) -> 🔴 Missed | K19: =IF(E19>E18,"📈 Up",IF(E19<E18,"📉 Down","➡️ Flat")) -> 📈 Up | L19: =IF(G19>0.05,"Review staffing levels",IF(F19>8,"Check AHT coaching","On Track")) -> Review staffing levels
A20: ='KPI Calcs'!A12 -> Nov | B20: ='KPI Calcs'!B12 -> 6000 | C20: ='KPI Calcs'!C12 -> 0.81666667 | D20: ='KPI Calcs'!D12 -> 6.5 | E20: ='KPI Calcs'!E12 -> 0.04 | F20: ='KPI Calcs'!F12 -> 3.12 | G20: ='KPI Calcs'!G12 -> 20 | H20: ='KPI Calcs'!H12 -> 5760 | I20: ='KPI Calcs'!I12 -> 240 | J20: =IF(E20>=0.8,"✅ Met",IF(E20>=0.75,"⚠️ Near Miss","🔴 Missed")) -> 🔴 Missed | K20: =IF(E20>E19,"📈 Up",IF(E20<E19,"📉 Down","➡️ Flat")) -> 📈 Up | L20: =IF(G20>0.05,"Review staffing levels",IF(F20>8,"Check AHT coaching","On Track")) -> Review staffing levels
A21: ='KPI Calcs'!A13 -> Dec | B21: ='KPI Calcs'!B13 -> 7100 | C21: ='KPI Calcs'!C13 -> 0.81690141 | D21: ='KPI Calcs'!D13 -> 6.4970674 | E21: ='KPI Calcs'!E13 -> 0.03943662 | F21: ='KPI Calcs'!F13 -> 3.0770833 | G21: ='KPI Calcs'!G13 -> 24 | H21: ='KPI Calcs'!H13 -> 6820 | I21: ='KPI Calcs'!I13 -> 280 | J21: =IF(E21>=0.8,"✅ Met",IF(E21>=0.75,"⚠️ Near Miss","🔴 Missed")) -> 🔴 Missed | K21: =IF(E21>E20,"📈 Up",IF(E21<E20,"📉 Down","➡️ Flat")) -> 📉 Down | L21: =IF(G21>0.05,"Review staffing levels",IF(F21>8,"Check AHT coaching","On Track")) -> Review staffing levels

Sheet KPI Calcs
A1: Month | B1: Total Calls | C1: SLA % | D1: AHT (min) | E1: Abandonment % | F1: Occupancy % | G1: Avg Speed Answer (sec) | H1: Answered Calls | I1: Abandoned Calls
A2: ='Raw Data'!A4 -> Jan | B2: ='Raw Data'!B4 -> 5200 | C2: ='Raw Data'!E4/'Raw Data'!B4 -> 0.78846154 | D2: ='Raw Data'!F4/'Raw Data'!C4 -> 6.5 | E2: ='Raw Data'!D4/'Raw Data'!B4 -> 0.042307692 | F2: ='Raw Data'!F4/('Raw Data'!G4*8*60) -> 3.0653409 | G2: ='Raw Data'!H4 -> 18 | H2: ='Raw Data'!C4 -> 4980 | I2: ='Raw Data'!D4 -> 220
A3: ='Raw Data'!A5 -> Feb | B3: ='Raw Data'!B5 -> 4900 | C3: ='Raw Data'!E5/'Raw Data'!B5 -> 0.79591837 | D3: ='Raw Data'!F5/'Raw Data'!C5 -> 6.5095541 | E3: ='Raw Data'!D5/'Raw Data'!B5 -> 0.03877551 | F3: ='Raw Data'!F5/('Raw Data'!G5*8*60) -> 3.0416667 | G3: ='Raw Data'!H5 -> 16 | H3: ='Raw Data'!C5 -> 4710 | I3: ='Raw Data'!D5 -> 190
A4: ='Raw Data'!A6 -> Mar | B4: ='Raw Data'!B6 -> 5800 | C4: ='Raw Data'!E6/'Raw Data'!B6 -> 0.81034483 | D4: ='Raw Data'!F6/'Raw Data'!C6 -> 6.5 | E4: ='Raw Data'!D6/'Raw Data'!B6 -> 0.04137931 | F4: ='Raw Data'!F6/('Raw Data'!G6*8*60) -> 3.1371528 | G4: ='Raw Data'!H6 -> 19 | H4: ='Raw Data'!C6 -> 5560 | I4: ='Raw Data'!D6 -> 240
A5: ='Raw Data'!A7 -> Apr | B5: ='Raw Data'!B7 -> 5500 | C5: ='Raw Data'!E7/'Raw Data'!B7 -> 0.81818182 | D5: ='Raw Data'!F7/'Raw Data'!C7 -> 6.5 | E5: ='Raw Data'!D7/'Raw Data'!B7 -> 0.04 | F5: ='Raw Data'!F7/('Raw Data'!G7*8*60) -> 3.1086957 | G5: ='Raw Data'!H7 -> 17 | H5: ='Raw Data'!C7 -> 5280 | I5: ='Raw Data'!D7 -> 220
A6: ='Raw Data'!A8 -> May | B6: ='Raw Data'!B8 -> 6100 | C6: ='Raw Data'!E8/'Raw Data'!B8 -> 0.81967213 | D6: ='Raw Data'!F8/'Raw Data'!C8 -> 6.496587 | E6: ='Raw Data'!D8/'Raw Data'!B8 -> 0.039344262 | F6: ='Raw Data'!F8/('Raw Data'!G8*8*60) -> 3.0504808 | G6: ='Raw Data'!H8 -> 20 | H6: ='Raw Data'!C8 -> 5860 | I6: ='Raw Data'!D8 -> 240
A7: ='Raw Data'!A9 -> Jun | B7: ='Raw Data'!B9 -> 6400 | C7: ='Raw Data'!E9/'Raw Data'!B9 -> 0.828125 | D7: ='Raw Data'!F9/'Raw Data'!C9 -> 6.5121951 | E7: ='Raw Data'!D9/'Raw Data'!B9 -> 0.0390625 | F7: ='Raw Data'!F9/('Raw Data'!G9*8*60) -> 3.0902778 | G7: ='Raw Data'!H9 -> 21 | H7: ='Raw Data'!C9 -> 6150 | I7: ='Raw Data'!D9 -> 250
A8: ='Raw Data'!A10 -> Jul | B8: ='Raw Data'!B10 -> 6700 | C8: ='Raw Data'!E10/'Raw Data'!B10 -> 0.82089552 | D8: ='Raw Data'!F10/'Raw Data'!C10 -> 6.5163297 | E8: ='Raw Data'!D10/'Raw Data'!B10 -> 0.040298507 | F8: ='Raw Data'!F10/('Raw Data'!G10*8*60) -> 3.1175595 | G8: ='Raw Data'!H10 -> 22 | H8: ='Raw Data'!C10 -> 6430 | I8: ='Raw Data'!D10 -> 270
A9: ='Raw Data'!A11 -> Aug | B9: ='Raw Data'!B11 -> 6500 | C9: ='Raw Data'!E11/'Raw Data'!B11 -> 0.83076923 | D9: ='Raw Data'!F11/'Raw Data'!C11 -> 6.5 | E9: ='Raw Data'!D11/'Raw Data'!B11 -> 0.04 | F9: ='Raw Data'!F11/('Raw Data'!G11*8*60) -> 3.1296296 | G9: ='Raw Data'!H11 -> 21 | H9: ='Raw Data'!C11 -> 6240 | I9: ='Raw Data'!D11 -> 260
A10: ='Raw Data'!A12 -> Sep | B10: ='Raw Data'!B12 -> 5700 | C10: ='Raw Data'!E12/'Raw Data'!B12 -> 0.8245614 | D10: ='Raw Data'!F12/'Raw Data'!C12 -> 6.4762774 | E10: ='Raw Data'!D12/'Raw Data'!B12 -> 0.038596491 | F10: ='Raw Data'!F12/('Raw Data'!G12*8*60) -> 3.0807292 | G10: ='Raw Data'!H12 -> 19 | H10: ='Raw Data'!C12 -> 5480 | I10: ='Raw Data'!D12 -> 220
A11: ='Raw Data'!A13 -> Oct | B11: ='Raw Data'!B13 -> 5300 | C11: ='Raw Data'!E13/'Raw Data'!B13 -> 0.81132075 | D11: ='Raw Data'!F13/'Raw Data'!C13 -> 6.4950884 | E11: ='Raw Data'!D13/'Raw Data'!B13 -> 0.039622642 | F11: ='Raw Data'!F13/('Raw Data'!G13*8*60) -> 3.1306818 | G11: ='Raw Data'!H13 -> 17 | H11: ='Raw Data'!C13 -> 5090 | I11: ='Raw Data'!D13 -> 210
A12: ='Raw Data'!A14 -> Nov | B12: ='Raw Data'!B14 -> 6000 | C12: ='Raw Data'!E14/'Raw Data'!B14 -> 0.81666667 | D12: ='Raw Data'!F14/'Raw Data'!C14 -> 6.5 | E12: ='Raw Data'!D14/'Raw Data'!B14 -> 0.04 | F12: ='Raw Data'!F14/('Raw Data'!G14*8*60) -> 3.12 | G12: ='Raw Data'!H14 -> 20 | H12: ='Raw Data'!C14 -> 5760 | I12: ='Raw Data'!D14 -> 240
A13: ='Raw Data'!A15 -> Dec | B13: ='Raw Data'!B15 -> 7100 | C13: ='Raw Data'!E15/'Raw Data'!B15 -> 0.81690141 | D13: ='Raw Data'!F15/'Raw Data'!C15 -> 6.4970674 | E13: ='Raw Data'!D15/'Raw Data'!B15 -> 0.03943662 | F13: ='Raw Data'!F15/('Raw Data'!G15*8*60) -> 3.0770833 | G13: ='Raw Data'!H15 -> 24 | H13: ='Raw Data'!C15 -> 6820 | I13: ='Raw Data'!D15 -> 280
