Workbook

Sheet Weekly Schedule
A1: 🗓️ WEEKLY AGENT SHIFT SCHEDULE & COVERAGE TRACKER
A2: LEGEND: | B2: M = Morning 7AM–3PM | C2: A = Afternoon 3PM–11PM | D2: N = Night 11PM–7AM | E2: O = Off / Rest Day | F2: T = Training
A4: A | B4: Mon | C4: Tue | D4: Wed | E4: Thu | F4: Fri | G4: Sat | H4: Sun | I4: Total Shifts | J4: Off Days
A5: Agent 1 - Ana R. | B5: M | C5: M | D5: M | E5: A | F5: A | G5: O | H5: O | I5: =COUNTIF(B5:H5,"M")+COUNTIF(B5:H5,"A")+COUNTIF(B5:H5,"N")+COUNTIF(B5:H5,"T") -> 5 | J5: =COUNTIF(B5:H5,"O") -> 2
A6: Agent 2 - Ben K. | B6: A | C6: A | D6: O | E6: M | F6: M | G6: M | H6: A | I6: =COUNTIF(B6:H6,"M")+COUNTIF(B6:H6,"A")+COUNTIF(B6:H6,"N")+COUNTIF(B6:H6,"T") -> 6 | J6: =COUNTIF(B6:H6,"O") -> 1
A7: Agent 3 - Cara S. | B7: N | C7: O | D7: N | E7: N | F7: M | G7: A | H7: M | I7: =COUNTIF(B7:H7,"M")+COUNTIF(B7:H7,"A")+COUNTIF(B7:H7,"N")+COUNTIF(B7:H7,"T") -> 6 | J7: =COUNTIF(B7:H7,"O") -> 1
A8: Agent 4 - Dan T. | B8: M | C8: A | D8: A | E8: O | F8: N | G8: N | H8: M | I8: =COUNTIF(B8:H8,"M")+COUNTIF(B8:H8,"A")+COUNTIF(B8:H8,"N")+COUNTIF(B8:H8,"T") -> 6 | J8: =COUNTIF(B8:H8,"O") -> 1
A9: Agent 5 - Eva L. | B9: O | C9: M | D9: M | E9: A | F9: A | G9: M | H9: N | I9: =COUNTIF(B9:H9,"M")+COUNTIF(B9:H9,"A")+COUNTIF(B9:H9,"N")+COUNTIF(B9:H9,"T") -> 6 | J9: =COUNTIF(B9:H9,"O") -> 1
A10: Agent 6 - Finn O. | B10: A | C10: N | D10: A | E10: M | F10: O | G10: M | H10: A | I10: =COUNTIF(B10:H10,"M")+COUNTIF(B10:H10,"A")+COUNTIF(B10:H10,"N")+COUNTIF(B10:H10,"T") -> 6 | J10: =COUNTIF(B10:H10,"O") -> 1
A11: Agent 7 - Gail P. | B11: M | C11: M | D11: O | E11: N | F11: A | G11: A | H11: O | I11: =COUNTIF(B11:H11,"M")+COUNTIF(B11:H11,"A")+COUNTIF(B11:H11,"N")+COUNTIF(B11:H11,"T") -> 5 | J11: =COUNTIF(B11:H11,"O") -> 2
A12: Agent 8 - Hiro W. | B12: N | C12: A | D12: M | E12: A | F12: M | G12: O | H12: M | I12: =COUNTIF(B12:H12,"M")+COUNTIF(B12:H12,"A")+COUNTIF(B12:H12,"N")+COUNTIF(B12:H12,"T") -> 6 | J12: =COUNTIF(B12:H12,"O") -> 1
A13: Agent 9 - Iris C. | B13: O | C13: O | D13: A | E13: M | F13: N | G13: A | H13: A | I13: =COUNTIF(B13:H13,"M")+COUNTIF(B13:H13,"A")+COUNTIF(B13:H13,"N")+COUNTIF(B13:H13,"T") -> 5 | J13: =COUNTIF(B13:H13,"O") -> 2
A14: Agent 10 - Jake M. | B14: A | C14: M | D14: M | E14: O | F14: A | G14: N | H14: N | I14: =COUNTIF(B14:H14,"M")+COUNTIF(B14:H14,"A")+COUNTIF(B14:H14,"N")+COUNTIF(B14:H14,"T") -> 6 | J14: =COUNTIF(B14:H14,"O") -> 1
A16: COVERAGE COUNT | B16: =COUNTIF(B5:B14,"M")+COUNTIF(B5:B14,"A")+COUNTIF(B5:B14,"N") -> 8 | C16: =COUNTIF(C5:C14,"M")+COUNTIF(C5:C14,"A")+COUNTIF(C5:C14,"N") -> 8 | D16: =COUNTIF(D5:D14,"M")+COUNTIF(D5:D14,"A")+COUNTIF(D5:D14,"N") -> 8 | E16: =COUNTIF(E5:E14,"M")+COUNTIF(E5:E14,"A")+COUNTIF(E5:E14,"N") -> 8 | F16: =COUNTIF(F5:F14,"M")+COUNTIF(F5:F14,"A")+COUNTIF(F5:F14,"N") -> 9 | G16: =COUNTIF(G5:G14,"M")+COUNTIF(G5:G14,"A")+COUNTIF(G5:G14,"N") -> 8 | H16: =COUNTIF(H5:H14,"M")+COUNTIF(H5:H14,"A")+COUNTIF(H5:H14,"N") -> 8
A17: REQUIRED AGENTS | B17: 8 | C17: 8 | D17: 8 | E17: 8 | F17: 8 | G17: 6 | H17: 5
A18: COVERAGE GAP | B18: =B16-B17 -> 0 | C18: =C16-C17 -> 0 | D18: =D16-D17 -> 0 | E18: =E16-E17 -> 0 | F18: =F16-F17 -> 1 | G18: =G16-G17 -> 2 | H18: =H16-H17 -> 3

Sheet Coverage Summary
A1: 📈 WEEKLY COVERAGE SUMMARY REPORT
A3: Day | B3: Coverage Count | C3: Required | D3: Gap | E3: Coverage % | F3: Shift Split (M/A/N) | G3: Status
A4: Monday | B4: ='Weekly Schedule'!B16 -> 8 | C4: ='Weekly Schedule'!B17 -> 8 | D4: ='Weekly Schedule'!B18 -> 0 | E4: =IF(C4>0,B4/C4,0) -> 1 | F4: =COUNTIF('Weekly Schedule'!B5:B14,"M")&"M / "&COUNTIF('Weekly Schedule'!B5:B14,"A")&"A / "&COUNTIF('Weekly Schedule'!B5:B14,"N")&"N" -> 3M / 3A / 2N | G4: =IF(D4>=0,"✅ Covered",IF(D4>=-1,"⚠️ Tight","🔴 Understaffed")) -> ✅ Covered
A5: Tuesday | B5: ='Weekly Schedule'!C16 -> 8 | C5: ='Weekly Schedule'!C17 -> 8 | D5: ='Weekly Schedule'!C18 -> 0 | E5: =IF(C5>0,B5/C5,0) -> 1 | F5: =COUNTIF('Weekly Schedule'!C5:C14,"M")&"M / "&COUNTIF('Weekly Schedule'!C5:C14,"A")&"A / "&COUNTIF('Weekly Schedule'!C5:C14,"N")&"N" -> 4M / 3A / 1N | G5: =IF(D5>=0,"✅ Covered",IF(D5>=-1,"⚠️ Tight","🔴 Understaffed")) -> ✅ Covered
A6: Wednesday | B6: ='Weekly Schedule'!D16 -> 8 | C6: ='Weekly Schedule'!D17 -> 8 | D6: ='Weekly Schedule'!D18 -> 0 | E6: =IF(C6>0,B6/C6,0) -> 1 | F6: =COUNTIF('Weekly Schedule'!D5:D14,"M")&"M / "&COUNTIF('Weekly Schedule'!D5:D14,"A")&"A / "&COUNTIF('Weekly Schedule'!D5:D14,"N")&"N" -> 4M / 3A / 1N | G6: =IF(D6>=0,"✅ Covered",IF(D6>=-1,"⚠️ Tight","🔴 Understaffed")) -> ✅ Covered
A7: Thursday | B7: ='Weekly Schedule'!E16 -> 8 | C7: ='Weekly Schedule'!E17 -> 8 | D7: ='Weekly Schedule'!E18 -> 0 | E7: =IF(C7>0,B7/C7,0) -> 1 | F7: =COUNTIF('Weekly Schedule'!E5:E14,"M")&"M / "&COUNTIF('Weekly Schedule'!E5:E14,"A")&"A / "&COUNTIF('Weekly Schedule'!E5:E14,"N")&"N" -> 3M / 3A / 2N | G7: =IF(D7>=0,"✅ Covered",IF(D7>=-1,"⚠️ Tight","🔴 Understaffed")) -> ✅ Covered
A8: Friday | B8: ='Weekly Schedule'!F16 -> 9 | C8: ='Weekly Schedule'!F17 -> 8 | D8: ='Weekly Schedule'!F18 -> 1 | E8: =IF(C8>0,B8/C8,0) -> 1.125 | F8: =COUNTIF('Weekly Schedule'!F5:F14,"M")&"M / "&COUNTIF('Weekly Schedule'!F5:F14,"A")&"A / "&COUNTIF('Weekly Schedule'!F5:F14,"N")&"N" -> 3M / 4A / 2N | G8: =IF(D8>=0,"✅ Covered",IF(D8>=-1,"⚠️ Tight","🔴 Understaffed")) -> ✅ Covered
A9: Saturday | B9: ='Weekly Schedule'!G16 -> 8 | C9: ='Weekly Schedule'!G17 -> 6 | D9: ='Weekly Schedule'!G18 -> 2 | E9: =IF(C9>0,B9/C9,0) -> 1.3333333 | F9: =COUNTIF('Weekly Schedule'!G5:G14,"M")&"M / "&COUNTIF('Weekly Schedule'!G5:G14,"A")&"A / "&COUNTIF('Weekly Schedule'!G5:G14,"N")&"N" -> 3M / 3A / 2N | G9: =IF(D9>=0,"✅ Covered",IF(D9>=-1,"⚠️ Tight","🔴 Understaffed")) -> ✅ Covered
A10: Sunday | B10: ='Weekly Schedule'!H16 -> 8 | C10: ='Weekly Schedule'!H17 -> 5 | D10: ='Weekly Schedule'!H18 -> 3 | E10: =IF(C10>0,B10/C10,0) -> 1.6 | F10: =COUNTIF('Weekly Schedule'!H5:H14,"M")&"M / "&COUNTIF('Weekly Schedule'!H5:H14,"A")&"A / "&COUNTIF('Weekly Schedule'!H5:H14,"N")&"N" -> 3M / 3A / 2N | G10: =IF(D10>=0,"✅ Covered",IF(D10>=-1,"⚠️ Tight","🔴 Understaffed")) -> ✅ Covered
